cow_id,breed,diet_type,cat_patrol_hours,milk_yield_liters
COW_0001,Holstein,Standard,15.610087066217194,192.1023296273008
COW_0002,Ayrshire,Hello_Kitty_Clover,15.8655982298007,168.0519630163583
COW_0003,Jersey,Hello_Kitty_Clover,18.867605540492367,143.79442702462038
COW_0004,Holstein,Hello_Kitty_Clover,21.83682753408089,172.74362998267296
COW_0005,Holstein,Hello_Kitty_Clover,24.567923131166246,110.1554221590123
COW_0006,Holstein,Hello_Kitty_Clover,15.984105246598276,160.3627417059227
COW_0007,Holstein,Hello_Kitty_Clover,27.46344284479761,170.29545631030098
COW_0008,Jersey,Hello_Kitty_Clover,18.644381994787157,179.57871738919275
COW_0009,Jersey,Standard,19.89316352825782,135.6900300126266
COW_0010,Jersey,Standard,16.263941604260882,156.59292570934545
COW_0011,Holstein,Standard,7.878798698635292,133.85514708839884
COW_0012,Ayrshire,Hello_Kitty_Clover,24.42022698180525,167.93374320802792
COW_0013,Jersey,Hello_Kitty_Clover,23.684219485462165,144.69833939837818
COW_0014,Holstein,Standard,18.593362214408934,147.41599188111826
COW_0015,Holstein,Hello_Kitty_Clover,20.33495358612436,141.68417818003272
COW_0016,Holstein,Hello_Kitty_Clover,22.579696088520496,175.2966336630293
COW_0017,Holstein,Standard,12.187270715567287,170.8252035478035
COW_0018,Holstein,Hello_Kitty_Clover,17.354736613268525,156.01400958483228
COW_0019,Holstein,Hello_Kitty_Clover,23.971323398109135,163.4561569186333
COW_0020,Holstein,Standard,13.728552884153753,125.14673757257525
COW_0021,Jersey,Hello_Kitty_Clover,21.467789660833148,155.9468039381142
COW_0022,Holstein,Standard,13.217090976882975,152.96103495223
COW_0023,Holstein,Hello_Kitty_Clover,22.332149912167633,214.6155067942498
COW_0024,Holstein,Hello_Kitty_Clover,19.821792588512583,139.20719726107052
COW_0025,Holstein,Hello_Kitty_Clover,11.924340920472453,188.36084705119046
COW_0026,Jersey,Standard,25.823696772285857,177.68428450100194
COW_0027,Holstein,Hello_Kitty_Clover,16.327042116009753,166.01084072460563
COW_0028,Holstein,Hello_Kitty_Clover,15.948737814928094,195.45703102838112
COW_0029,Holstein,Standard,21.002845986154714,163.74296324798368
COW_0030,Holstein,Hello_Kitty_Clover,25.743186747143575,171.00613993750164
COW_0031,Jersey,Standard,14.920890905108015,153.4138542111815
COW_0032,Holstein,Hello_Kitty_Clover,20.30839924923986,186.06389742314448
COW_0033,Holstein,Standard,22.144082501652864,178.5726094267135
COW_0034,Ayrshire,Standard,23.46552803631572,144.52611266097045
COW_0035,Ayrshire,Standard,20.882207776386124,129.87971844094048
COW_0036,Jersey,Hello_Kitty_Clover,18.164860804583387,156.88984549346188
COW_0037,Holstein,Standard,15.862048896756402,138.75784338107397
COW_0038,Holstein,Hello_Kitty_Clover,20.430719415231874,160.35872433226245
COW_0039,Jersey,Standard,14.639304940071966,179.14055417570438
COW_0040,Holstein,Standard,5.393247582526964,142.4719411730223
COW_0041,Holstein,Hello_Kitty_Clover,22.182799020788337,161.29837208000498
COW_0042,Holstein,Hello_Kitty_Clover,24.519674205430977,164.0163569577972
COW_0043,Holstein,Standard,8.185337822290808,169.42421899079292
COW_0044,Ayrshire,Hello_Kitty_Clover,14.951346476450311,115.047617263243
COW_0045,Holstein,Hello_Kitty_Clover,23.095771305025988,150.29472549620186
COW_0046,Jersey,Hello_Kitty_Clover,30.287477348558493,168.811917050157
COW_0047,Holstein,Standard,20.10396853837704,180.03276969005034
COW_0048,Holstein,Standard,16.35998529385433,145.0699466380322
COW_0049,Holstein,Hello_Kitty_Clover,19.0855177944758,123.69460121750525
COW_0050,Holstein,Standard,26.874382095740923,170.456543548045
COW_0051,Ayrshire,Hello_Kitty_Clover,16.770179104377323,147.8238059548006
COW_0052,Jersey,Hello_Kitty_Clover,16.00403996674873,136.5078788082174
COW_0053,Ayrshire,Hello_Kitty_Clover,17.58628238908984,148.28897692246247
COW_0054,Jersey,Hello_Kitty_Clover,15.233356958706437,156.37949993449496
COW_0055,Holstein,Hello_Kitty_Clover,20.613351579973976,149.58911218322794
COW_0056,Ayrshire,Standard,28.123392292347802,114.32569654572295
COW_0057,Holstein,Hello_Kitty_Clover,21.615396365580146,179.9259428474167
COW_0058,Holstein,Standard,18.738232489368563,181.118970572385
COW_0059,Holstein,Standard,18.54094365542228,168.5927229234168
COW_0060,Holstein,Hello_Kitty_Clover,12.184045956516716,136.40150037845868
COW_0061,Holstein,Hello_Kitty_Clover,24.415548885735795,158.79483398677039
COW_0062,Holstein,Hello_Kitty_Clover,19.61081401493599,161.25281789989165
COW_0063,Jersey,Hello_Kitty_Clover,19.09760043204687,173.20516792085226
COW_0064,Holstein,Standard,35.965537839224304,174.1564711261289
COW_0065,Holstein,Standard,21.49376454182843,141.76465338697864
COW_0066,Holstein,Hello_Kitty_Clover,16.24104474952408,162.01222455312842
COW_0067,Holstein,Standard,17.868212018972283,164.5060716979965
COW_0068,Jersey,Standard,25.742228545983775,186.83911500673048
COW_0069,Holstein,Standard,20.56635205268882,170.2600364123011
COW_0070,Ayrshire,Standard,12.808610108413166,169.62371678003433
COW_0071,Jersey,Standard,24.59614467287602,159.05537596045002
COW_0072,Holstein,Standard,16.65927957230503,183.20696677576157
COW_0073,Holstein,Standard,29.366488881087726,167.00520258351625
COW_0074,Jersey,Standard,25.400240328573243,140.39831389510056
COW_0075,Jersey,Hello_Kitty_Clover,17.763390521706246,188.89641655901568
COW_0076,Jersey,Standard,26.405081808675565,171.87958999338323
COW_0077,Jersey,Standard,20.339277552637018,147.24090284322148
COW_0078,Holstein,Hello_Kitty_Clover,24.263868375611096,153.18930116469846
COW_0079,Holstein,Standard,22.423664086472375,162.65861012875695
COW_0080,Holstein,Hello_Kitty_Clover,15.768216725045633,51.560434163879606
COW_0081,Jersey,Hello_Kitty_Clover,16.78225083841269,164.48052056414792
COW_0082,Jersey,Standard,25.149804087905807,163.77111469522944
COW_0083,Holstein,Standard,18.326123339467294,189.4969844933678
COW_0084,Holstein,Hello_Kitty_Clover,17.981757683790015,182.32539034983475
COW_0085,Holstein,Hello_Kitty_Clover,15.224387103253235,163.88002795627645
COW_0086,Holstein,Standard,22.117995327967307,175.46161021373987
COW_0087,Jersey,Hello_Kitty_Clover,30.312624596215727,143.94330930831393
COW_0088,Jersey,Standard,14.662335428728635,162.35724162755477
COW_0089,Jersey,Hello_Kitty_Clover,20.12109728336379,197.72245617967133
COW_0090,Holstein,Standard,27.061102777077146,153.75741292527567
COW_0091,Holstein,Hello_Kitty_Clover,19.601793043771423,144.42785934074973
COW_0092,Jersey,Hello_Kitty_Clover,22.26185898124867,149.1367799225134
COW_0093,Jersey,Hello_Kitty_Clover,14.688032359265602,138.11374896093193
COW_0094,Holstein,Hello_Kitty_Clover,22.141535486038244,146.4472224832574
COW_0095,Jersey,Standard,19.064278674977256,148.30912163069257
COW_0096,Holstein,Standard,24.928649978399314,129.36725460994697
COW_0097,Holstein,Standard,25.936930257823754,158.09344575633918
COW_0098,Holstein,Standard,32.94781821009307,177.92988893876088
COW_0099,Holstein,Hello_Kitty_Clover,22.898165866067878,144.21432615688195
COW_0100,Holstein,Standard,21.628981582910832,186.87437294770862
COW_0101,Holstein,Standard,20.97192150788668,166.5074182229179
COW_0102,Jersey,Hello_Kitty_Clover,18.23416853594656,181.5818622732651
COW_0103,Holstein,Hello_Kitty_Clover,21.692419217308455,148.85103468814978
COW_0104,Holstein,Hello_Kitty_Clover,18.522992949304854,178.14740242612376
COW_0105,Ayrshire,Hello_Kitty_Clover,20.84230488134807,139.91401345649817
COW_0106,Holstein,Standard,26.5879876780398,175.78134632014212
COW_0107,Holstein,Standard,14.967287173601793,157.92697294795116
COW_0108,Jersey,Hello_Kitty_Clover,25.699392805645225,174.27484224138925
COW_0109,Holstein,Hello_Kitty_Clover,26.58557533669933,139.96378048851275
COW_0110,Holstein,Standard,19.409657365044605,137.92150036398127
COW_0111,Holstein,Hello_Kitty_Clover,9.390725504957027,170.2617820165548
COW_0112,Holstein,Standard,16.960890064527838,136.12130693487433
COW_0113,Ayrshire,Standard,26.484972732805545,167.20961766182413
COW_0114,Jersey,Hello_Kitty_Clover,19.88565968850559,134.12294177734674
COW_0115,Jersey,Hello_Kitty_Clover,15.003488838525445,176.964530904891
COW_0116,Jersey,Hello_Kitty_Clover,17.47612539385891,136.0923713227875
COW_0117,Jersey,Standard,24.203100132522763,168.30692879334728
COW_0118,Holstein,Hello_Kitty_Clover,22.7336678410069,174.83271902522208
COW_0119,Jersey,Standard,18.80533950415153,141.70616548265397
COW_0120,Holstein,Standard,18.165877940926563,167.0902947239725
COW_0121,Jersey,Hello_Kitty_Clover,18.04120925478089,166.12120804310538
COW_0122,Jersey,Hello_Kitty_Clover,15.387949077507487,149.3395475993975
COW_0123,Holstein,Hello_Kitty_Clover,28.07687844734721,143.75196985268002
COW_0124,Holstein,Hello_Kitty_Clover,18.3883976539433,121.7640054627314
COW_0125,Holstein,Hello_Kitty_Clover,26.085792604127484,170.31873872723213
COW_0126,Holstein,Hello_Kitty_Clover,27.606580259612258,132.4859186506426
COW_0127,Jersey,Standard,24.9915544907398,159.4043503360481
COW_0128,Jersey,Standard,17.841898436409757,150.08360520927795
COW_0129,Holstein,Standard,22.018650451683047,170.18845064426884
COW_0130,Holstein,Standard,19.879021968045418,149.92279660061635
COW_0131,Holstein,Hello_Kitty_Clover,15.48149069634936,153.55549148196297
COW_0132,Holstein,Standard,21.621796408608017,171.1239530083483
COW_0133,Holstein,Standard,14.104801044200988,160.93260089494265
COW_0134,Holstein,Standard,25.93839694230782,164.1046382263479
COW_0135,Ayrshire,Hello_Kitty_Clover,17.676913513508033,170.18842585022296
COW_0136,Holstein,Standard,21.005798279364196,125.59029701966713
COW_0137,Holstein,Hello_Kitty_Clover,21.41643935773071,177.06070540705886
COW_0138,Jersey,Standard,18.705475131479613,167.86101841971595
COW_0139,Holstein,Standard,22.933469007376374,136.54637813068297
COW_0140,Ayrshire,Hello_Kitty_Clover,17.62548171688738,155.9060350415822
COW_0141,Ayrshire,Hello_Kitty_Clover,24.35648648728622,162.02080019363325
COW_0142,Holstein,Standard,13.270101598766257,151.2910947915952
COW_0143,Holstein,Hello_Kitty_Clover,20.63189789773206,168.36676870069033
COW_0144,Holstein,Hello_Kitty_Clover,29.694644995291423,193.0357291352111
COW_0145,Holstein,Standard,14.998343376972127,176.1348375665482
COW_0146,Holstein,Hello_Kitty_Clover,16.611275147375743,134.2389986755846
COW_0147,Jersey,Hello_Kitty_Clover,22.569539248294575,72.1706979877611
COW_0148,Holstein,Hello_Kitty_Clover,20.89790890969799,188.34803906361756
COW_0149,Holstein,Hello_Kitty_Clover,21.753150496367795,169.76211556269442
COW_0150,Holstein,Hello_Kitty_Clover,22.445935650738317,184.05338919894083
COW_0151,Ayrshire,Hello_Kitty_Clover,23.17360734280885,202.69749111685795
COW_0152,Holstein,Hello_Kitty_Clover,25.548499209781117,183.63874068507397
COW_0153,Holstein,Hello_Kitty_Clover,22.049093284642563,167.10089989822734
COW_0154,Holstein,Hello_Kitty_Clover,18.793711726907286,182.03988299976723
COW_0155,Ayrshire,Hello_Kitty_Clover,23.362868506013655,165.40661721374192
COW_0156,Holstein,Hello_Kitty_Clover,29.499409674476077,164.82788376804194
COW_0157,Jersey,Standard,19.33683126808713,148.7727646661515
COW_0158,Jersey,Hello_Kitty_Clover,15.127353476646793,191.3064732196362
COW_0159,Holstein,Hello_Kitty_Clover,25.53540334643486,146.79204768509044
COW_0160,Jersey,Standard,19.398094180232007,186.46678274763192
COW_0161,Holstein,Hello_Kitty_Clover,9.136652269929819,168.2382781557864
COW_0162,Jersey,Standard,24.23710838575211,129.2850090196868
COW_0163,Jersey,Standard,17.323359070230385,162.54999358089756
COW_0164,Holstein,Hello_Kitty_Clover,19.547333588479198,119.36366992351127
COW_0165,Holstein,Standard,21.659901652845072,169.00813083247422
COW_0166,Jersey,Hello_Kitty_Clover,20.952498398895333,179.4903791794484
COW_0167,Holstein,Hello_Kitty_Clover,23.5472590856952,150.7170586126675
COW_0168,Holstein,Hello_Kitty_Clover,17.822568147150783,163.31772436325687
COW_0169,Holstein,Standard,22.565528990880413,195.85280737226987
COW_0170,Holstein,Standard,18.702266612080415,145.4957458983854
COW_0171,Jersey,Hello_Kitty_Clover,23.694052404437514,141.43006398019924
COW_0172,Holstein,Hello_Kitty_Clover,23.076837420065267,192.05631927527153
COW_0173,Holstein,Hello_Kitty_Clover,15.322806489777022,199.348585757549
COW_0174,Holstein,Standard,25.42991058087516,157.7028866112195
COW_0175,Jersey,Hello_Kitty_Clover,17.32018277442976,180.92531554049606
COW_0176,Holstein,Hello_Kitty_Clover,24.040288991405724,189.54160500803934
COW_0177,Jersey,Hello_Kitty_Clover,21.836436567006704,147.20124631933433
COW_0178,Holstein,Standard,29.190918383975614,149.05115880783532
COW_0179,Ayrshire,Hello_Kitty_Clover,18.88267008814074,185.78229128953694
COW_0180,Holstein,Hello_Kitty_Clover,18.253416019409013,194.67631037999288
COW_0181,Holstein,Hello_Kitty_Clover,19.902901970561338,172.72848779465548
COW_0182,Holstein,Standard,18.484101085828623,137.9489432557075
COW_0183,Ayrshire,Hello_Kitty_Clover,23.99970950971025,202.4411350869019
COW_0184,Jersey,Hello_Kitty_Clover,11.91844695781706,148.45611613110583
COW_0185,Holstein,Standard,14.73158790426823,147.71672074785144
COW_0186,Jersey,Hello_Kitty_Clover,14.660985392104035,166.74505230742366
COW_0187,Jersey,Hello_Kitty_Clover,24.75153795986788,194.00866980225584
COW_0188,Holstein,Standard,28.553066862909624,175.64543958991734
COW_0189,Holstein,Standard,19.477753907312643,164.140636179432
COW_0190,Holstein,Hello_Kitty_Clover,19.155891384049948,170.5125380175771
COW_0191,Holstein,Standard,20.350260815565907,156.9753716175391
COW_0192,Jersey,Hello_Kitty_Clover,25.809391513040953,174.40560774428243
COW_0193,Ayrshire,Standard,15.36323432904713,104.01776874482808
COW_0194,Jersey,Hello_Kitty_Clover,21.191844913673926,50.84269418837504
COW_0195,Holstein,Standard,24.87598814891215,162.28923514300925
COW_0196,Holstein,Hello_Kitty_Clover,22.505470849699226,54.183987362563855
COW_0197,Jersey,Hello_Kitty_Clover,20.947908082993717,169.5108387811293
COW_0198,Jersey,Hello_Kitty_Clover,25.005230462835705,158.91214471912826
COW_0199,Jersey,Hello_Kitty_Clover,6.483838535003814,192.55466552681094
COW_0200,Jersey,Standard,23.38937659765454,188.4772074835935
COW_0201,Jersey,Hello_Kitty_Clover,16.72962158436288,151.20277509294561
COW_0202,Holstein,Standard,10.846835515717716,150.2372964233814
COW_0203,Holstein,Standard,22.556012997624904,155.28785258711963
COW_0204,Jersey,Standard,26.86829272581479,149.027298294552
COW_0205,Jersey,Standard,19.31275742686154,159.694326908621
COW_0206,Holstein,Hello_Kitty_Clover,24.764372736014693,147.7636704430526
COW_0207,Holstein,Hello_Kitty_Clover,28.061391289943227,141.30611068823245
COW_0208,Jersey,Standard,26.57457226792024,170.42659615838141
COW_0209,Holstein,Standard,28.199822646856965,171.0505384784933
COW_0210,Holstein,Hello_Kitty_Clover,23.71063745535946,146.52687604340798
COW_0211,Holstein,Standard,20.377168194507963,174.02025907360436
COW_0212,Jersey,Standard,11.990170940514158,140.9654966988476
COW_0213,Jersey,Standard,18.769687559350256,160.6942110285647
COW_0214,Holstein,Hello_Kitty_Clover,15.783767023419042,176.64201035927485
COW_0215,Jersey,Hello_Kitty_Clover,30.85471358748907,164.08416278217246
COW_0216,Holstein,Standard,19.120570937838316,164.83098952417419
COW_0217,Holstein,Standard,20.61602403392243,145.85621433242528
COW_0218,Jersey,Hello_Kitty_Clover,22.75742688020234,158.39789639549875
COW_0219,Jersey,Hello_Kitty_Clover,20.218012231862268,157.44821505195188
COW_0220,Jersey,Standard,28.475255202153765,143.61100962984136
COW_0221,Jersey,Hello_Kitty_Clover,16.88675319132774,157.0305426950827
COW_0222,Holstein,Standard,20.973037276186215,125.31954520558094
COW_0223,Holstein,Standard,16.28764707150976,145.06321917861084
COW_0224,Holstein,Hello_Kitty_Clover,13.399887443896471,153.8224563657755
COW_0225,Holstein,Standard,16.941154545473573,149.95875131373447
COW_0226,Holstein,Hello_Kitty_Clover,19.81481601475794,156.6144958870118
COW_0227,Ayrshire,Standard,17.8534888774137,154.12076266602153
COW_0228,Holstein,Standard,16.53789510063072,164.5501988919105
COW_0229,Jersey,Hello_Kitty_Clover,12.968412681640832,176.8808652871427
COW_0230,Jersey,Standard,19.584472136856526,142.88003710409163
COW_0231,Jersey,Hello_Kitty_Clover,12.476398129844988,135.1789023311706
COW_0232,Holstein,Standard,23.80027981844801,136.29919570067233
COW_0233,Holstein,Standard,20.412198764672517,146.3796012055032
COW_0234,Holstein,Standard,12.712242502675348,146.77524639447242
COW_0235,Holstein,Hello_Kitty_Clover,18.453954614750682,145.63626506047606
COW_0236,Jersey,Standard,16.239217972047083,128.94943210661623
COW_0237,Holstein,Hello_Kitty_Clover,21.5958725520959,152.856345216145
COW_0238,Holstein,Standard,26.70225223011572,161.63920807131416
COW_0239,Jersey,Hello_Kitty_Clover,10.624137651771278,170.58783061224267
COW_0240,Holstein,Standard,20.575130395737087,145.02407805655469
COW_0241,Ayrshire,Hello_Kitty_Clover,19.199336022166797,152.99984436378136
COW_0242,Ayrshire,Hello_Kitty_Clover,23.356700382252328,143.97304393772947
COW_0243,Ayrshire,Hello_Kitty_Clover,21.065983141188447,161.19101153486102
COW_0244,Holstein,Hello_Kitty_Clover,16.240153341305906,143.4034733185755
COW_0245,Holstein,Hello_Kitty_Clover,18.40473032166691,172.48397536132407
COW_0246,Ayrshire,Hello_Kitty_Clover,16.019870715982556,124.58863137611255
COW_0247,Holstein,Standard,25.38003569299299,150.42141725884866
COW_0248,Ayrshire,Standard,20.10655824335971,162.05411425684275
COW_0249,Ayrshire,Hello_Kitty_Clover,29.50595342876504,168.0284763550796
COW_0250,Jersey,Hello_Kitty_Clover,19.696695930926897,215.269682058888
COW_0251,Holstein,Hello_Kitty_Clover,16.457966165447687,167.43339034099247
COW_0252,Holstein,Standard,12.431428036935865,133.64833647424055
COW_0253,Jersey,Standard,10.984301618720275,151.3860055438346
COW_0254,Holstein,Standard,12.079320284972551,118.09886941616273
COW_0255,Holstein,Hello_Kitty_Clover,21.335633255057417,160.288694990582
COW_0256,Holstein,Standard,22.54362511614967,140.10196639482973
COW_0257,Ayrshire,Standard,12.094046489839332,171.93601945815504
COW_0258,Jersey,Standard,24.475191570380577,146.35175197920347
COW_0259,Holstein,Standard,17.5846947415828,152.9400901065699
COW_0260,Holstein,Hello_Kitty_Clover,20.733965059927748,149.00903268989026
COW_0261,Jersey,Standard,28.061103141277123,193.19535797944977
COW_0262,Ayrshire,Hello_Kitty_Clover,24.48419657932766,156.42040365144007
COW_0263,Holstein,Standard,18.657346760470837,192.24834489772527
COW_0264,Holstein,Standard,15.544038872923563,170.94624690424237
COW_0265,Jersey,Standard,9.240922993353475,162.41361144471378
COW_0266,Jersey,Standard,16.4042334037879,162.29593296748675
COW_0267,Jersey,Standard,18.944348805861527,163.5592506060835
COW_0268,Jersey,Standard,15.06410236424408,115.96577912236103
COW_0269,Holstein,Hello_Kitty_Clover,19.343715164538477,155.72544666634641
COW_0270,Holstein,Standard,20.384259414793842,173.01843724812457
COW_0271,Jersey,Hello_Kitty_Clover,18.875720090959607,160.18477235780577
COW_0272,Jersey,Hello_Kitty_Clover,16.7499870958827,132.4211991926933
COW_0273,Jersey,Hello_Kitty_Clover,20.84327335983364,160.7048929964007
COW_0274,Ayrshire,Standard,22.209703247847045,190.74502129946393
COW_0275,Holstein,Standard,14.54800461278577,179.30223569453014
COW_0276,Holstein,Standard,27.05466189873135,156.87631838229876
COW_0277,Jersey,Standard,19.507059338578692,174.88110334273532
COW_0278,Jersey,Hello_Kitty_Clover,20.094248114724238,154.19813402705626
COW_0279,Jersey,Standard,23.541072116282784,122.98488989835046
COW_0280,Jersey,Standard,21.166080656317508,137.86050443430415
COW_0281,Jersey,Hello_Kitty_Clover,24.765683169566223,194.18748032103383
COW_0282,Holstein,Hello_Kitty_Clover,21.43562082600912,156.45082461121663
COW_0283,Holstein,Hello_Kitty_Clover,16.93781312679781,155.71366435053898
COW_0284,Holstein,Standard,21.80751762603051,150.54549136231154
COW_0285,Holstein,Standard,14.281368963396691,192.36714248047915
COW_0286,Holstein,Hello_Kitty_Clover,20.542798528882617,194.18201786590603
COW_0287,Holstein,Standard,19.833850046777695,200.325759682996
COW_0288,Holstein,Standard,18.959415713637302,152.50692050609015
COW_0289,Holstein,Standard,19.357312442805345,161.7196835077835
COW_0290,Holstein,Standard,10.590754772511804,122.84437544333771
COW_0291,Holstein,Standard,17.256375461295193,184.71560116075403
COW_0292,Holstein,Standard,20.464224505705573,132.78367632635297
COW_0293,Jersey,Hello_Kitty_Clover,20.799281959987002,166.07529586324867
COW_0294,Holstein,Hello_Kitty_Clover,14.86162429537021,138.01243673595417
COW_0295,Holstein,Hello_Kitty_Clover,26.328539204323505,151.62122522652314
COW_0296,Holstein,Standard,15.669125758927496,137.95548910668424
COW_0297,Jersey,Standard,24.847286002633684,145.29668058727376
COW_0298,Holstein,Standard,22.135971809358423,145.85833747982795
COW_0299,Jersey,Hello_Kitty_Clover,16.768863450780984,149.56528313673275
COW_0300,Holstein,Hello_Kitty_Clover,28.87655446304756,180.8296445745204
COW_0301,Holstein,Standard,14.0318158412176,132.11228889111487
COW_0302,Holstein,Hello_Kitty_Clover,24.595770868050007,167.28955980069236
COW_0303,Holstein,Standard,25.002911590214893,181.86005652317564
COW_0304,Jersey,Hello_Kitty_Clover,16.646898954616777,150.23014239611712
COW_0305,Jersey,Hello_Kitty_Clover,26.962326500321645,149.23032013514447
COW_0306,Ayrshire,Hello_Kitty_Clover,18.749767427005235,156.51443772449653
COW_0307,Holstein,Hello_Kitty_Clover,21.443468146399287,185.527544611134
COW_0308,Holstein,Hello_Kitty_Clover,21.301609193856102,165.77263537722396
COW_0309,Jersey,Standard,19.32845629264726,145.1742509956422
COW_0310,Holstein,Hello_Kitty_Clover,24.05404136579891,172.39374543350047
COW_0311,Holstein,Standard,23.967443602761065,46.194984186361175
COW_0312,Holstein,Hello_Kitty_Clover,11.257340133809096,172.50439224900168
COW_0313,Holstein,Hello_Kitty_Clover,26.521701214390763,171.62865651835259
COW_0314,Ayrshire,Hello_Kitty_Clover,11.687540059821629,152.8500925951688
COW_0315,Jersey,Standard,25.162731021708286,140.77710333756787
COW_0316,Jersey,Hello_Kitty_Clover,25.633525684137915,145.45643925957222
COW_0317,Holstein,Hello_Kitty_Clover,14.54516784892401,170.5598970815954
COW_0318,Holstein,Hello_Kitty_Clover,17.945928560227077,185.46338861784938
COW_0319,Holstein,Standard,14.47147665757032,141.59528805669518
COW_0320,Holstein,Standard,18.925394848556323,164.84535252559658
COW_0321,Holstein,Standard,18.459828579071292,113.79740820168001
COW_0322,Jersey,Standard,23.898302661346698,145.47713618526
COW_0323,Jersey,Hello_Kitty_Clover,26.55154373059804,162.8442844617614
COW_0324,Holstein,Standard,26.97841905394978,139.89985737654825
COW_0325,Ayrshire,Hello_Kitty_Clover,17.18915986710849,141.92662046434063
COW_0326,Jersey,Standard,18.95389063127736,142.33057606000548
COW_0327,Holstein,Standard,11.582809038895249,159.31869727819603
COW_0328,Jersey,Hello_Kitty_Clover,15.970649667519055,156.5446145321282
COW_0329,Holstein,Hello_Kitty_Clover,24.824258165487286,118.18265278314674
COW_0330,Holstein,Standard,28.07791411774116,116.00937118262101
COW_0331,Holstein,Hello_Kitty_Clover,13.82825564060039,147.51117313503661
COW_0332,Jersey,Hello_Kitty_Clover,17.037678704235528,169.7650353323417
COW_0333,Holstein,Standard,19.867971215205365,101.01029451005692
COW_0334,Holstein,Hello_Kitty_Clover,21.400805794098034,151.92563821519678
COW_0335,Holstein,Hello_Kitty_Clover,15.95198240039177,149.76063758976912
COW_0336,Holstein,Hello_Kitty_Clover,22.120305222320447,189.9028471308651
COW_0337,Jersey,Standard,17.63080326464542,147.58880474513637
COW_0338,Jersey,Hello_Kitty_Clover,19.927738645608603,169.13810128850116
COW_0339,Holstein,Standard,22.7314212400185,159.6445691737548
COW_0340,Holstein,Standard,20.032111349054688,113.39830380857241
COW_0341,Holstein,Standard,17.818070547367157,170.70956549684487
COW_0342,Holstein,Standard,19.451950980370846,160.143515403237
COW_0343,Holstein,Hello_Kitty_Clover,19.558185203973323,171.5328283546838
COW_0344,Holstein,Hello_Kitty_Clover,18.14994485058936,239.46973758390334
COW_0345,Holstein,Hello_Kitty_Clover,18.706019686664487,119.42954711602758
COW_0346,Jersey,Standard,27.993235852523583,192.89190375097925
COW_0347,Jersey,Standard,22.804597239706194,151.09242878390475
COW_0348,Holstein,Standard,18.522598409854197,161.30335761101642
COW_0349,Holstein,Hello_Kitty_Clover,23.484772022553678,161.63518670074126
COW_0350,Jersey,Standard,18.33090255121995,147.01454409740512
COW_0351,Holstein,Hello_Kitty_Clover,25.865623187933206,151.8630283916048
COW_0352,Jersey,Hello_Kitty_Clover,21.84821096099047,168.64463799975732
COW_0353,Jersey,Standard,19.463489279978855,125.49557285056007
COW_0354,Holstein,Hello_Kitty_Clover,22.238584629051388,177.1831587391507
COW_0355,Holstein,Standard,12.145619239657503,145.31979767419216
COW_0356,Jersey,Hello_Kitty_Clover,14.366162655450974,137.20846201582813
COW_0357,Holstein,Hello_Kitty_Clover,14.030374968004722,150.70885533048516
COW_0358,Holstein,Standard,20.714715473818533,181.357398979397
COW_0359,Ayrshire,Standard,28.66257499742546,147.89207075890317
COW_0360,Holstein,Hello_Kitty_Clover,31.15650073096316,172.01602258348134
COW_0361,Holstein,Hello_Kitty_Clover,23.190255507203787,147.83795113785166
COW_0362,Jersey,Standard,22.504222374722286,171.90970371088906
COW_0363,Holstein,Hello_Kitty_Clover,10.994711329236305,172.50856817457498
COW_0364,Holstein,Hello_Kitty_Clover,17.28663100132989,197.6581659663272
COW_0365,Ayrshire,Hello_Kitty_Clover,16.061081240458805,156.80704546215335
COW_0366,Holstein,Standard,16.89576200874442,168.44182469778147
COW_0367,Ayrshire,Hello_Kitty_Clover,19.159280907076052,163.2091350629017
COW_0368,Ayrshire,Hello_Kitty_Clover,17.639547111514364,186.7092997707146
COW_0369,Holstein,Standard,10.103500948121061,138.65440253226168
COW_0370,Holstein,Standard,23.73955128058767,172.0219716417219
COW_0371,Holstein,Hello_Kitty_Clover,14.636284871300967,155.99693953905665
COW_0372,Holstein,Standard,21.196234320555746,155.07510675399675
COW_0373,Holstein,Hello_Kitty_Clover,30.370413348749867,166.4461736935924
COW_0374,Jersey,Standard,15.403077042067883,159.66573104115392
COW_0375,Holstein,Standard,7.348562386268352,149.87998785344132
COW_0376,Holstein,Hello_Kitty_Clover,18.569978890599447,165.36525733059037
COW_0377,Jersey,Standard,25.504798174992857,189.21380060374156
COW_0378,Holstein,Hello_Kitty_Clover,29.791737271102967,184.14651489363524
COW_0379,Jersey,Standard,13.852252027737915,171.53876745825931
COW_0380,Holstein,Hello_Kitty_Clover,22.483496116182607,153.13425831437735
COW_0381,Holstein,Standard,17.673447716099734,137.51721775026343
COW_0382,Jersey,Standard,19.47025822847932,174.94708863329885
COW_0383,Jersey,Hello_Kitty_Clover,33.221716735085174,182.98745087112144
COW_0384,Jersey,Standard,12.485148358024233,183.1989580224269
COW_0385,Jersey,Hello_Kitty_Clover,21.268698307472867,149.80099697285726
COW_0386,Jersey,Standard,22.338465858827167,152.11056665044123
COW_0387,Holstein,Hello_Kitty_Clover,25.428931624696737,130.33899623690033
COW_0388,Holstein,Standard,20.48991576735448,148.2975526089889
COW_0389,Jersey,Hello_Kitty_Clover,21.54025269752051,181.8934860208451
COW_0390,Jersey,Standard,18.041757162891045,146.08261956430337
COW_0391,Ayrshire,Standard,21.345634706225535,169.21328631588415
COW_0392,Holstein,Standard,18.28403862251295,151.67514946679765
COW_0393,Holstein,Standard,23.107859449280255,163.41349839921529
COW_0394,Jersey,Hello_Kitty_Clover,18.15194831978183,137.9917566996212
COW_0395,Holstein,Standard,21.885501969510933,158.26983958353128
COW_0396,Ayrshire,Hello_Kitty_Clover,19.853685931575107,101.63338636145808
COW_0397,Jersey,Standard,25.63025125386084,52.452231333955325
COW_0398,Holstein,Standard,19.74303138205757,123.31344454031446
COW_0399,Jersey,Hello_Kitty_Clover,11.134837658965592,182.960341628626
COW_0400,Jersey,Hello_Kitty_Clover,26.309607503569957,178.9410293063612
COW_0401,Holstein,Standard,15.471338495686904,163.9748211880277
COW_0402,Ayrshire,Standard,16.7311683067559,185.43947503521437
COW_0403,Holstein,Standard,17.02169352978254,136.128177642438
COW_0404,Jersey,Hello_Kitty_Clover,26.872190465854086,198.5089210980674
COW_0405,Holstein,Hello_Kitty_Clover,9.321628930106522,176.94031996423965
COW_0406,Jersey,Standard,35.688742668299966,155.97551705611107
COW_0407,Holstein,Hello_Kitty_Clover,25.28028404533026,185.79648815725795
COW_0408,Holstein,Hello_Kitty_Clover,21.1161945706458,139.70898812296107
COW_0409,Ayrshire,Hello_Kitty_Clover,19.725529996918567,144.9273757685221
COW_0410,Holstein,Hello_Kitty_Clover,21.427770374288286,149.75653664749248
COW_0411,Holstein,Standard,22.605612141896692,146.20212948128872
COW_0412,Ayrshire,Standard,23.226077929750286,135.83667052372004
COW_0413,Ayrshire,Standard,22.778022330017244,181.29506804091167
COW_0414,Holstein,Standard,20.447903406276243,150.95728301448625
COW_0415,Jersey,Hello_Kitty_Clover,19.01330789846337,168.2540917366766
COW_0416,Holstein,Hello_Kitty_Clover,19.243633581732443,149.86606274624612
COW_0417,Holstein,Standard,19.025458598236597,119.29557156850065
COW_0418,Holstein,Standard,25.668850484335323,163.10180231312904
COW_0419,Jersey,Standard,22.967783611404307,118.64523557502575
COW_0420,Jersey,Hello_Kitty_Clover,5.298056826678598,155.71673612629422
COW_0421,Jersey,Standard,23.279503882648804,129.61755038813843
COW_0422,Jersey,Hello_Kitty_Clover,20.973680973593876,201.53762427669432
COW_0423,Holstein,Standard,19.90645621777051,174.1991913088256
COW_0424,Holstein,Standard,18.05740773455557,157.5322981457963
COW_0425,Holstein,Hello_Kitty_Clover,25.620563599930065,188.4603026330724
COW_0426,Holstein,Hello_Kitty_Clover,24.737632310614288,145.99497014386958
COW_0427,Holstein,Standard,16.135611660881956,165.71027107166645
COW_0428,Jersey,Hello_Kitty_Clover,22.035261435622676,166.10678710506107
COW_0429,Holstein,Hello_Kitty_Clover,15.141716327293569,165.32291652486148
COW_0430,Holstein,Hello_Kitty_Clover,13.101909176055347,184.87764275495195
COW_0431,Holstein,Standard,16.866413877050174,169.7097662187111
COW_0432,Jersey,Hello_Kitty_Clover,24.311967361913794,168.5680634650746
COW_0433,Jersey,Standard,24.765625226880434,124.33193884349821
COW_0434,Holstein,Hello_Kitty_Clover,22.565427100486467,143.0687022245567
COW_0435,Holstein,Standard,23.625478934239986,154.63346500835752
COW_0436,Jersey,Standard,22.58089143557479,158.64171491620547
COW_0437,Holstein,Standard,16.792592023885238,132.4337031136871
COW_0438,Jersey,Hello_Kitty_Clover,22.159612723369705,210.38141732857935
COW_0439,Jersey,Standard,24.002047626138413,187.528495392913
COW_0440,Holstein,Hello_Kitty_Clover,23.771456649067872,174.67380340257003
COW_0441,Holstein,Hello_Kitty_Clover,25.944566857373214,164.72410728288685
COW_0442,Ayrshire,Standard,23.541519236005318,152.81827637277857
COW_0443,Holstein,Hello_Kitty_Clover,21.757241037707914,52.22437978289359
COW_0444,Holstein,Standard,25.350751191582138,73.74137693396423
COW_0445,Jersey,Hello_Kitty_Clover,19.8673937037547,166.61526891398142
COW_0446,Ayrshire,Standard,15.59062674386141,129.84197651352594
COW_0447,Ayrshire,Hello_Kitty_Clover,19.18466518028118,167.9389278989823
COW_0448,Jersey,Hello_Kitty_Clover,16.275486775967757,157.27746505629534
COW_0449,Holstein,Hello_Kitty_Clover,16.62410862512809,122.33108142999062
COW_0450,Holstein,Hello_Kitty_Clover,19.27740664642241,144.0755217783367
COW_0451,Jersey,Standard,16.037900395000193,146.5392594500672
COW_0452,Holstein,Hello_Kitty_Clover,18.4601923518048,198.79181085234524
COW_0453,Holstein,Hello_Kitty_Clover,10.531926665231072,169.79064049024447
COW_0454,Ayrshire,Hello_Kitty_Clover,21.066468536864694,135.11030917906157
COW_0455,Holstein,Standard,20.006027376811122,165.7225340013961
COW_0456,Holstein,Hello_Kitty_Clover,15.914556844659046,129.3282872746304
COW_0457,Holstein,Hello_Kitty_Clover,23.296228342162024,184.14268958039008
COW_0458,Holstein,Hello_Kitty_Clover,24.68785068813279,153.48386217008226
COW_0459,Holstein,Standard,11.96220067815513,151.71593642866313
COW_0460,Holstein,Hello_Kitty_Clover,16.18637610716893,186.87184578299446
COW_0461,Holstein,Standard,16.15428825106351,129.10301510363405
COW_0462,Jersey,Hello_Kitty_Clover,15.300484494455677,132.14778164607688
COW_0463,Jersey,Standard,24.147374209658743,145.57222573597753
COW_0464,Holstein,Hello_Kitty_Clover,19.030869306135983,181.97683781222713
COW_0465,Ayrshire,Hello_Kitty_Clover,18.677425793446947,130.71630622849725
COW_0466,Holstein,Standard,9.980688177966233,96.35109449117849
COW_0467,Holstein,Hello_Kitty_Clover,23.17709015104613,153.42994987713385
COW_0468,Jersey,Standard,13.803708025732638,165.1759284059382
COW_0469,Holstein,Hello_Kitty_Clover,20.299663151331643,185.59513394017605
COW_0470,Ayrshire,Hello_Kitty_Clover,21.386884689790957,152.65283816522933
COW_0471,Holstein,Hello_Kitty_Clover,26.803292979193255,155.31245575143794
COW_0472,Ayrshire,Hello_Kitty_Clover,13.455898004404439,182.61478408643626
COW_0473,Holstein,Hello_Kitty_Clover,4.902439220895873,119.57589777236035
COW_0474,Jersey,Standard,20.919247723768475,148.50535881347037
COW_0475,Holstein,Standard,29.002555907554267,162.50924457076744
COW_0476,Ayrshire,Hello_Kitty_Clover,26.19473176469719,172.34279395510984
COW_0477,Holstein,Hello_Kitty_Clover,21.048297076373128,151.61835525909427
COW_0478,Holstein,Hello_Kitty_Clover,17.541819071839765,161.45136595566876
COW_0479,Ayrshire,Hello_Kitty_Clover,24.035612983186553,112.94413682669617
COW_0480,Holstein,Standard,15.132269001477656,141.3747124537663
COW_0481,Jersey,Hello_Kitty_Clover,22.381788846781095,171.2847109051237
COW_0482,Jersey,Standard,22.527350795833133,137.11232455365635
COW_0483,Holstein,Hello_Kitty_Clover,25.3010495374944,164.26999929304026
COW_0484,Jersey,Standard,33.79830019455539,169.07694007442058
COW_0485,Holstein,Standard,21.962079835893835,149.73763993361285
COW_0486,Ayrshire,Standard,17.455181871462507,158.64582998137018
COW_0487,Holstein,Standard,19.87212843904003,136.70698722601975
COW_0488,Holstein,Hello_Kitty_Clover,11.15462047555441,154.71416054874538
COW_0489,Ayrshire,Standard,16.52643434455471,167.16225369515087
COW_0490,Jersey,Standard,17.95358780943448,158.52553556219902
COW_0491,Holstein,Standard,17.379558010327038,143.48324201181939
COW_0492,Jersey,Standard,20.76177436016861,160.71286039386644
COW_0493,Holstein,Standard,15.887900338088997,169.05856591415906
COW_0494,Holstein,Standard,25.605153336622358,116.68272042943715
COW_0495,Holstein,Hello_Kitty_Clover,20.001035324590987,184.68179189649527
COW_0496,Holstein,Hello_Kitty_Clover,19.953498394306926,154.76095474467064
COW_0497,Holstein,Hello_Kitty_Clover,18.36052641743541,169.51795659003523
COW_0498,Holstein,Standard,20.775953419294897,180.17772449869304
COW_0499,Ayrshire,Standard,24.125491323338174,129.80417345239212
COW_0500,Ayrshire,Hello_Kitty_Clover,15.664348921445498,146.01048462788273
COW_0501,Jersey,Hello_Kitty_Clover,16.709417554623716,154.74185134887304
COW_0502,Holstein,Standard,18.481369856116675,139.86934053434643
COW_0503,Holstein,Standard,13.270645382633926,188.67992513152635
COW_0504,Jersey,Standard,15.903710701392512,137.6356713338819
COW_0505,Jersey,Standard,17.618895632276704,144.17473309994568
COW_0506,Holstein,Standard,24.37194590356364,161.39936440312863
COW_0507,Ayrshire,Hello_Kitty_Clover,21.312806645009626,137.85085147198112
COW_0508,Jersey,Hello_Kitty_Clover,20.967949556837723,153.87677063192606
COW_0509,Ayrshire,Hello_Kitty_Clover,24.25448981083986,169.12541216825545
COW_0510,Jersey,Hello_Kitty_Clover,19.313141058003016,154.6367342297507
COW_0511,Jersey,Hello_Kitty_Clover,21.952324249644448,160.21796009689436
COW_0512,Holstein,Hello_Kitty_Clover,19.48389123533752,150.75852512163382
COW_0513,Ayrshire,Hello_Kitty_Clover,21.326811746998143,131.6086373404841
COW_0514,Jersey,Standard,17.08620671194209,161.5577262403674
COW_0515,Holstein,Standard,7.805914208617855,187.44043569553017
COW_0516,Holstein,Standard,19.32860418906848,156.16661387238932
COW_0517,Holstein,Hello_Kitty_Clover,27.113740680499703,168.1394045491009
COW_0518,Jersey,Hello_Kitty_Clover,24.631077011207964,176.74377820569958
COW_0519,Ayrshire,Standard,24.826987422955852,132.06148629595276
COW_0520,Holstein,Hello_Kitty_Clover,26.18065360903109,197.40448924530145
COW_0521,Holstein,Standard,20.443287954807186,160.1795623148982
COW_0522,Holstein,Hello_Kitty_Clover,20.986578537027977,194.43311154289057
COW_0523,Ayrshire,Standard,16.91174052282825,140.4128622463687
COW_0524,Jersey,Standard,18.41963571986475,191.88712916711594
COW_0525,Jersey,Standard,23.07885574885571,172.42676660535238
COW_0526,Holstein,Standard,26.019422185844082,168.8666283728004
COW_0527,Holstein,Standard,19.302768621595003,160.47131967354147
COW_0528,Holstein,Standard,17.749053675742942,150.35414374123388
COW_0529,Holstein,Hello_Kitty_Clover,20.002639794282988,185.51142510776234
COW_0530,Jersey,Hello_Kitty_Clover,23.006033744645574,165.2090075203546
COW_0531,Jersey,Standard,12.78072591933229,114.49282370405663
COW_0532,Ayrshire,Hello_Kitty_Clover,8.51909523431381,135.7119993361541
COW_0533,Ayrshire,Hello_Kitty_Clover,17.247315752542082,156.95727968190766
COW_0534,Holstein,Standard,13.896437870429207,160.36891102443985
COW_0535,Jersey,Standard,17.459299011763445,154.10601992553114
COW_0536,Ayrshire,Standard,19.26109840591264,180.15774531764706
COW_0537,Jersey,Standard,17.733757954884933,116.29809010569298
COW_0538,Holstein,Hello_Kitty_Clover,27.262337672353727,166.55046003180934
COW_0539,Holstein,Standard,21.6337238230116,120.13053263916039
COW_0540,Holstein,Hello_Kitty_Clover,21.502371798054142,177.1449574490996
COW_0541,Ayrshire,Hello_Kitty_Clover,23.11103572021701,160.54413642722506
COW_0542,Jersey,Standard,14.305834411096154,162.6839497638112
COW_0543,Holstein,Hello_Kitty_Clover,25.195558937101342,145.7810084693351
COW_0544,Jersey,Standard,19.6211785673227,181.4756522033518
COW_0545,Jersey,Hello_Kitty_Clover,23.352403086206063,183.34021420703885
COW_0546,Holstein,Standard,14.640713834799222,166.06310021067753
COW_0547,Holstein,Hello_Kitty_Clover,12.231206169919679,156.5790169137071
COW_0548,Jersey,Hello_Kitty_Clover,24.089448290125144,174.32398019294018
COW_0549,Holstein,Standard,21.882047630487584,142.4267629293993
COW_0550,Jersey,Hello_Kitty_Clover,15.489742228212448,177.25803584887797
COW_0551,Holstein,Hello_Kitty_Clover,15.651684593626527,193.18512326456636
COW_0552,Jersey,Hello_Kitty_Clover,25.627173922073847,184.6003633762059
COW_0553,Holstein,Hello_Kitty_Clover,14.05294053566336,145.12383276455083
COW_0554,Holstein,Hello_Kitty_Clover,28.213364766279817,171.19235577534602
COW_0555,Jersey,Standard,15.496896326760655,128.78623802285523
COW_0556,Holstein,Standard,23.191959628041914,168.40539411192609
COW_0557,Holstein,Hello_Kitty_Clover,18.356907621255075,170.0191405436273
COW_0558,Holstein,Standard,23.015937155411716,119.50845435598023
COW_0559,Jersey,Hello_Kitty_Clover,17.279429989429037,137.44815211858145
COW_0560,Jersey,Hello_Kitty_Clover,19.18603546963853,155.5930327060162
COW_0561,Jersey,Standard,20.204595876978605,68.09188515265276
COW_0562,Holstein,Standard,14.989062721092637,130.3071801079517
COW_0563,Holstein,Hello_Kitty_Clover,23.704121727100627,170.39081110517387
COW_0564,Holstein,Standard,17.433932167642073,160.25965182910286
COW_0565,Holstein,Hello_Kitty_Clover,18.857000423299908,157.27171748741958
COW_0566,Holstein,Standard,15.028253126957438,139.39264593491998
COW_0567,Holstein,Hello_Kitty_Clover,7.1883317060234475,178.6306420401383
COW_0568,Holstein,Standard,19.044861186999157,188.82160061786567
COW_0569,Ayrshire,Hello_Kitty_Clover,32.063077108064576,155.44769345548863
COW_0570,Holstein,Standard,23.92302143949012,144.93356808875063
COW_0571,Holstein,Hello_Kitty_Clover,19.903698101328025,171.2952627386383
COW_0572,Jersey,Standard,18.68554585395866,148.44507616124787
COW_0573,Holstein,Hello_Kitty_Clover,20.11232946406023,158.74575482595338
COW_0574,Jersey,Hello_Kitty_Clover,22.73559557587605,177.11374170725625
COW_0575,Jersey,Standard,14.095935923455777,116.04165902689088
COW_0576,Ayrshire,Standard,25.571608473344362,184.0375290390567
COW_0577,Holstein,Standard,23.57690657720622,158.52668245974868
COW_0578,Ayrshire,Hello_Kitty_Clover,23.59092862853967,154.3474156973183
COW_0579,Holstein,Hello_Kitty_Clover,22.192378694048635,160.3730305237856
COW_0580,Holstein,Hello_Kitty_Clover,20.09808328846995,160.77801208695135
COW_0581,Holstein,Standard,23.3643061798341,122.38526578505173
COW_0582,Ayrshire,Standard,22.95907066870689,186.78648574967679
COW_0583,Holstein,Hello_Kitty_Clover,18.22979644529488,161.79545157900085
COW_0584,Holstein,Standard,17.131991135515495,163.99963994960217
COW_0585,Jersey,Hello_Kitty_Clover,20.509281476309933,180.68377985437382
COW_0586,Holstein,Standard,27.74510075747594,137.90028107603678
COW_0587,Holstein,Hello_Kitty_Clover,13.804464621730496,169.11077736722373
COW_0588,Holstein,Standard,12.6623736712378,148.44589028339547
COW_0589,Holstein,Standard,20.823804206182583,173.18255676618466
COW_0590,Holstein,Hello_Kitty_Clover,20.25443850928009,119.03178314575412
COW_0591,Holstein,Hello_Kitty_Clover,20.86670832185204,159.77812649173023
COW_0592,Jersey,Hello_Kitty_Clover,21.219765989542502,149.80951668118354
COW_0593,Holstein,Standard,18.883988726825976,164.3104556307309
COW_0594,Holstein,Standard,27.449317193010412,167.63567890526718
COW_0595,Jersey,Hello_Kitty_Clover,11.995480107617421,144.9461261358447
COW_0596,Holstein,Hello_Kitty_Clover,15.857514876098769,146.01377717930876
COW_0597,Jersey,Standard,19.483726199254765,153.63181048862984
COW_0598,Holstein,Standard,11.784055944229163,135.60237223696458
COW_0599,Holstein,Standard,19.120727977839643,172.57589230239444
COW_0600,Holstein,Hello_Kitty_Clover,28.30735082864009,156.60806123964312
COW_0601,Holstein,Standard,20.10443244147981,97.8915653460111
COW_0602,Holstein,Standard,21.153504528593416,148.8496102261419
COW_0603,Holstein,Standard,13.699176174137099,133.33887643536167
COW_0604,Holstein,Standard,16.918192959802614,122.44994157872188
COW_0605,Holstein,Standard,18.124018098380315,130.68867266506265
COW_0606,Holstein,Hello_Kitty_Clover,18.41142451621883,163.21159679152504
COW_0607,Holstein,Standard,26.408218975018844,184.49528225747028
COW_0608,Holstein,Hello_Kitty_Clover,22.78845530362562,168.6002260683873
COW_0609,Holstein,Standard,14.44271021531484,142.20274530027967
COW_0610,Jersey,Hello_Kitty_Clover,21.232523892160025,170.98784107106206
COW_0611,Holstein,Hello_Kitty_Clover,22.491108742483924,153.06552641836535
COW_0612,Jersey,Hello_Kitty_Clover,25.700745192606334,149.318216174519
COW_0613,Jersey,Hello_Kitty_Clover,27.902703432841868,140.78355766519286
COW_0614,Holstein,Standard,14.924529040860657,119.44078257722381
COW_0615,Jersey,Standard,15.94571244394831,146.9852396019956
COW_0616,Ayrshire,Hello_Kitty_Clover,13.71211070542692,162.77470301003072
COW_0617,Holstein,Hello_Kitty_Clover,18.829900704465093,159.21649681104174
COW_0618,Holstein,Hello_Kitty_Clover,22.331791872231673,153.88019900272232
COW_0619,Jersey,Hello_Kitty_Clover,24.93667258294551,144.06608056094802
COW_0620,Jersey,Hello_Kitty_Clover,19.620244881787386,173.5509972982356
COW_0621,Holstein,Standard,18.40076238372578,129.17759031618604
COW_0622,Holstein,Standard,20.758789961243703,171.74819526524263
COW_0623,Holstein,Hello_Kitty_Clover,15.824285491849885,140.2029452690205
COW_0624,Holstein,Hello_Kitty_Clover,30.447693608473866,149.58560333548147
COW_0625,Jersey,Standard,11.961694864409706,124.25280464700937
COW_0626,Holstein,Hello_Kitty_Clover,20.923702894478623,151.74906793063084
COW_0627,Holstein,Standard,30.118031096148197,55.002752120406925
COW_0628,Jersey,Hello_Kitty_Clover,20.033999222799988,171.82276153571914
COW_0629,Holstein,Standard,19.049804824992528,175.28338368805845
COW_0630,Holstein,Standard,18.212772885947864,165.90668278446307
COW_0631,Jersey,Hello_Kitty_Clover,19.09804159118796,139.15601590674902
COW_0632,Jersey,Standard,26.864242373382652,151.44348822546365
COW_0633,Holstein,Hello_Kitty_Clover,8.940690443352466,142.57822455065647
COW_0634,Holstein,Hello_Kitty_Clover,27.667168506481627,190.41164863272527
COW_0635,Holstein,Hello_Kitty_Clover,12.880214237749275,135.42829134279856
COW_0636,Holstein,Standard,18.666738353827927,173.4739752939306
COW_0637,Holstein,Standard,17.853777898506692,173.21521077172739
COW_0638,Holstein,Standard,22.9427663488536,193.47523393897785
COW_0639,Holstein,Hello_Kitty_Clover,12.009378240581263,150.90908161958444
COW_0640,Holstein,Hello_Kitty_Clover,22.310863330409713,176.43970219072617
COW_0641,Holstein,Hello_Kitty_Clover,30.121548116434262,210.16950116570712
COW_0642,Holstein,Hello_Kitty_Clover,13.184129977035948,147.10240545443685
COW_0643,Holstein,Hello_Kitty_Clover,20.94853083805198,131.0837543007684
COW_0644,Holstein,Hello_Kitty_Clover,16.690089111016956,122.9068260551498
COW_0645,Holstein,Standard,22.12943603096518,170.89307138651617
COW_0646,Jersey,Hello_Kitty_Clover,20.09573888707876,123.86571750495196
COW_0647,Holstein,Standard,16.79256545477845,147.59138857767508
COW_0648,Jersey,Hello_Kitty_Clover,22.43936142435537,170.97807216808584
COW_0649,Jersey,Hello_Kitty_Clover,29.021740548933714,167.91003290127838
COW_0650,Holstein,Hello_Kitty_Clover,19.045481041363505,169.7225415960925
COW_0651,Holstein,Standard,23.59878971074091,161.52543402923934
COW_0652,Holstein,Standard,13.533635210644182,179.63740682946113
COW_0653,Holstein,Standard,15.217818115909957,135.51901781999703
COW_0654,Jersey,Standard,22.362031389401885,143.16870664764994
COW_0655,Holstein,Standard,27.420580142679825,142.77298513738748
COW_0656,Holstein,Hello_Kitty_Clover,21.7780667439283,178.6372562604307
COW_0657,Holstein,Hello_Kitty_Clover,18.434709847384227,179.03838472211655
COW_0658,Holstein,Standard,19.99645702711677,165.0234434945052
COW_0659,Jersey,Standard,13.747961330151412,177.79426173684396
COW_0660,Holstein,Standard,23.022576631776833,133.34595564200544
COW_0661,Holstein,Hello_Kitty_Clover,24.411665311617046,196.16798182450785
COW_0662,Ayrshire,Hello_Kitty_Clover,17.7395483358346,191.28663693499556
COW_0663,Jersey,Hello_Kitty_Clover,17.649789261202493,175.50737672327568
COW_0664,Holstein,Standard,21.329391148260243,192.03479551989926
COW_0665,Holstein,Hello_Kitty_Clover,17.816401319797023,127.71245624238364
COW_0666,Holstein,Hello_Kitty_Clover,19.669336926870887,150.91183835280825
COW_0667,Holstein,Standard,30.49860894583258,144.44351347011073
COW_0668,Holstein,Hello_Kitty_Clover,18.76487149627002,175.55904792402788
COW_0669,Holstein,Standard,18.20829923989389,134.45967497992527
COW_0670,Holstein,Hello_Kitty_Clover,16.762290971824203,87.30011919036343
COW_0671,Holstein,Standard,23.720959857499682,184.52701083718418
COW_0672,Jersey,Hello_Kitty_Clover,19.093879133909486,175.13222174185285
COW_0673,Holstein,Hello_Kitty_Clover,16.753134808392872,166.20096091574788
COW_0674,Holstein,Hello_Kitty_Clover,26.60652016136506,143.72448923039454
COW_0675,Holstein,Hello_Kitty_Clover,27.098015022568184,146.69238518426314
COW_0676,Ayrshire,Standard,16.997882171306475,180.09174275732528
COW_0677,Holstein,Standard,10.66730024319692,168.78717015106574
COW_0678,Holstein,Standard,25.03756844918461,156.73088014720452
COW_0679,Ayrshire,Standard,16.57685087119998,146.6148643460422
COW_0680,Jersey,Hello_Kitty_Clover,23.953127995813844,122.16978093651662
COW_0681,Jersey,Standard,10.149480911440822,131.62779589974346
COW_0682,Holstein,Hello_Kitty_Clover,24.462986691496546,201.06727775024342
COW_0683,Holstein,Hello_Kitty_Clover,13.944140353596094,134.07413068602952
COW_0684,Jersey,Hello_Kitty_Clover,23.653820595332622,166.38574260302138
COW_0685,Ayrshire,Standard,20.071365339182172,176.1702890656586
COW_0686,Holstein,Hello_Kitty_Clover,15.230302903016776,134.97063751085918
COW_0687,Holstein,Hello_Kitty_Clover,17.964818435366098,164.5836550262315
COW_0688,Holstein,Standard,23.431592284783505,175.78778843564814
COW_0689,Jersey,Hello_Kitty_Clover,20.52947226557617,161.90882811781788
COW_0690,Holstein,Hello_Kitty_Clover,22.922064902362422,219.7446805840441
COW_0691,Holstein,Standard,29.882202922577427,125.59267569920931
COW_0692,Holstein,Hello_Kitty_Clover,12.178791941444743,180.328208180111
COW_0693,Holstein,Standard,28.08606287484312,154.96978411452363
COW_0694,Holstein,Standard,20.521779687616064,171.59493700301832
COW_0695,Holstein,Standard,15.50607975838436,163.47796696150021
COW_0696,Jersey,Standard,13.348431871305051,139.34140561919156
COW_0697,Holstein,Standard,19.054398046114834,160.29624726302126
COW_0698,Holstein,Standard,24.6082505596223,120.22444613992096
COW_0699,Holstein,Hello_Kitty_Clover,19.362254398112327,173.37362633086155
COW_0700,Holstein,Hello_Kitty_Clover,27.55577465123674,169.7299017151815
COW_0701,Holstein,Hello_Kitty_Clover,12.744121549742205,172.09643983778471
COW_0702,Holstein,Standard,19.939555260769726,177.14423307997393
COW_0703,Holstein,Standard,13.738032777934404,161.47380663757454
COW_0704,Holstein,Hello_Kitty_Clover,21.81815941312484,165.00723621990298
COW_0705,Holstein,Standard,24.4344369504865,139.70896435192012
COW_0706,Ayrshire,Standard,17.896191031594732,141.12444203649738
COW_0707,Holstein,Hello_Kitty_Clover,6.97893071686433,181.32837161860593
COW_0708,Jersey,Standard,20.99474073398247,185.0251303343143
COW_0709,Holstein,Hello_Kitty_Clover,22.183692758667547,157.39289910135918
COW_0710,Jersey,Hello_Kitty_Clover,22.021473774808488,163.02649707750803
COW_0711,Jersey,Standard,26.17891095911077,139.76138578785793
COW_0712,Holstein,Standard,14.644731601754756,177.84855638587533
COW_0713,Holstein,Hello_Kitty_Clover,23.401080527252248,175.82866063201124
COW_0714,Holstein,Standard,25.962537562389876,196.61310999799196
COW_0715,Holstein,Standard,11.107062079967417,135.76565708039544
COW_0716,Ayrshire,Hello_Kitty_Clover,21.598259129594886,154.41931975851412
COW_0717,Jersey,Standard,17.479100844961643,159.87264870399991
COW_0718,Ayrshire,Hello_Kitty_Clover,19.59238663449177,174.30750674486293
COW_0719,Holstein,Hello_Kitty_Clover,21.738382417691682,157.70816197435485
COW_0720,Jersey,Standard,17.56385717943224,137.80993534475567
COW_0721,Ayrshire,Standard,16.62145960419194,172.61458845972902
COW_0722,Holstein,Standard,20.170762087440124,170.47393587714367
COW_0723,Holstein,Standard,14.563770305685987,136.0436490804313
COW_0724,Jersey,Standard,14.570874355574073,181.4801183287821
COW_0725,Holstein,Hello_Kitty_Clover,23.396866414782515,185.9230341083668
COW_0726,Jersey,Standard,14.25602982420672,156.96273889221789
COW_0727,Holstein,Hello_Kitty_Clover,23.33156250454606,164.09142599888455
COW_0728,Jersey,Hello_Kitty_Clover,22.312956464269757,173.27504236159908
COW_0729,Holstein,Hello_Kitty_Clover,11.370966356047017,141.67722850168894
COW_0730,Holstein,Hello_Kitty_Clover,16.612176738321725,161.08428260477814
COW_0731,Holstein,Standard,25.97054701523686,114.74349321238745
COW_0732,Jersey,Hello_Kitty_Clover,15.094172344301592,177.55736461334916
COW_0733,Jersey,Hello_Kitty_Clover,17.677978688453063,129.57352915769872
COW_0734,Holstein,Standard,22.31030446625948,186.7614879084578
COW_0735,Holstein,Standard,23.91695254641298,150.5726838845949
COW_0736,Jersey,Hello_Kitty_Clover,18.74230556977752,156.88935203230972
COW_0737,Holstein,Standard,17.01244902654179,142.54905658627243
COW_0738,Jersey,Standard,27.111849308492538,152.37277731410623
COW_0739,Holstein,Standard,28.694498318987897,186.9789763986571
COW_0740,Holstein,Standard,24.894290253908977,107.71211394547109
COW_0741,Holstein,Hello_Kitty_Clover,20.42659071282512,187.1672849356113
COW_0742,Holstein,Hello_Kitty_Clover,15.958671391795368,167.04807103957276
COW_0743,Jersey,Hello_Kitty_Clover,15.847777967217173,136.11390043302086
COW_0744,Holstein,Standard,22.61257052632879,135.27752329691387
COW_0745,Holstein,Standard,22.09199110444342,190.1554578754971
COW_0746,Jersey,Standard,27.007992964732146,139.19226029056503
COW_0747,Holstein,Standard,23.252250462680696,133.90866492688502
COW_0748,Holstein,Standard,12.48459849120091,176.49167039465485
COW_0749,Ayrshire,Hello_Kitty_Clover,25.259738088614593,169.84897895230264
COW_0750,Jersey,Standard,15.009696863427935,135.7443975283004
COW_0751,Holstein,Hello_Kitty_Clover,18.08014364023824,165.25654260016387
COW_0752,Ayrshire,Standard,21.251001031258472,135.860246636572
COW_0753,Jersey,Standard,29.978337448919824,181.00992920312802
COW_0754,Holstein,Standard,35.549592780026806,181.8922971314707
COW_0755,Holstein,Hello_Kitty_Clover,23.033615295680914,173.05020856514315
COW_0756,Jersey,Hello_Kitty_Clover,19.084016906398062,168.45842629685976
COW_0757,Jersey,Hello_Kitty_Clover,22.672528242402752,197.5255209700683
COW_0758,Holstein,Standard,24.43827712936918,157.32520968657525
COW_0759,Jersey,Standard,18.396661872214043,131.8815160532482
COW_0760,Jersey,Hello_Kitty_Clover,28.97605677956161,173.18229529051462
COW_0761,Holstein,Standard,21.15035379595701,65.28091861424288
COW_0762,Holstein,Hello_Kitty_Clover,22.48871544545697,141.95142476992004
COW_0763,Holstein,Standard,23.329621260272308,149.769631044202
COW_0764,Jersey,Standard,22.10793305307228,164.96130067795073
COW_0765,Holstein,Standard,24.19470250234806,156.18031377058963
COW_0766,Holstein,Standard,16.913734067265384,135.42804861263335
COW_0767,Jersey,Hello_Kitty_Clover,17.208491230269846,183.09970449369038
COW_0768,Jersey,Standard,14.499228835141526,200.75058309088763
COW_0769,Holstein,Standard,22.19750615310113,160.58188102640847
COW_0770,Jersey,Standard,23.89468251756057,139.08703896054817
COW_0771,Holstein,Standard,22.28886433075943,125.70744879815832
COW_0772,Jersey,Hello_Kitty_Clover,28.372462166737687,169.1712582744449
COW_0773,Holstein,Hello_Kitty_Clover,19.97201990585477,183.56915283808158
COW_0774,Holstein,Hello_Kitty_Clover,23.343708277962563,172.0064674132964
COW_0775,Jersey,Hello_Kitty_Clover,14.54149561930343,159.81437186741397
COW_0776,Holstein,Standard,18.064501487627997,143.63391741050228
COW_0777,Holstein,Hello_Kitty_Clover,23.47768878782889,140.70003398198688
COW_0778,Jersey,Standard,24.245510553715718,173.96867969261237
COW_0779,Jersey,Standard,18.530165261679088,173.83448200621544
COW_0780,Jersey,Hello_Kitty_Clover,19.642003740709665,130.47800538839823
COW_0781,Jersey,Standard,12.410631266595953,185.51996894359246
COW_0782,Holstein,Hello_Kitty_Clover,18.214853995966955,172.4458806166701
COW_0783,Holstein,Standard,24.45191581759893,185.32746764819555
COW_0784,Holstein,Hello_Kitty_Clover,22.87602508053283,135.52025255445756
COW_0785,Holstein,Hello_Kitty_Clover,22.50332860690605,134.93451547376304
COW_0786,Ayrshire,Hello_Kitty_Clover,20.2488684359048,158.5952743354255
COW_0787,Holstein,Hello_Kitty_Clover,20.03531579314088,171.56628327584613
COW_0788,Holstein,Hello_Kitty_Clover,16.698394302632764,196.4367347493291
COW_0789,Holstein,Standard,23.494142101012674,171.16982090660645
COW_0790,Ayrshire,Hello_Kitty_Clover,22.10486472194695,157.27783388034342
COW_0791,Holstein,Standard,22.460094239963997,136.21064411867135
COW_0792,Holstein,Hello_Kitty_Clover,17.369825786662098,185.31095919038162
COW_0793,Holstein,Hello_Kitty_Clover,9.233285400643778,53.519767573657994
COW_0794,Jersey,Hello_Kitty_Clover,25.48576355876848,195.71510016307698
COW_0795,Holstein,Standard,17.605812719957978,149.5940508238572
COW_0796,Jersey,Standard,15.686121179784397,186.51747780629233
COW_0797,Ayrshire,Hello_Kitty_Clover,23.467394559569968,176.11884416905656
COW_0798,Holstein,Standard,18.03993680040435,152.67207125127214
COW_0799,Jersey,Standard,25.29968192023311,147.20197713954738
COW_0800,Ayrshire,Standard,23.08502974788349,150.10735137744345
COW_0801,Jersey,Hello_Kitty_Clover,23.417846616002386,171.09168783230547
COW_0802,Holstein,Hello_Kitty_Clover,13.170221443997328,160.99419635755353
COW_0803,Holstein,Standard,26.059719926932004,145.9416878167055
COW_0804,Jersey,Standard,21.30625265616928,153.07924759049814
COW_0805,Holstein,Standard,18.153614303768983,157.0176248855137
COW_0806,Jersey,Hello_Kitty_Clover,20.716942336711256,119.14040081271713
COW_0807,Ayrshire,Hello_Kitty_Clover,11.118823835508401,167.9990094464265
COW_0808,Ayrshire,Standard,22.043264057403356,137.0185547228849
COW_0809,Holstein,Standard,14.853142459089643,131.389294673612
COW_0810,Holstein,Standard,13.236648570782329,120.2241076290205
COW_0811,Ayrshire,Hello_Kitty_Clover,12.388204068910545,123.33861126331537
COW_0812,Jersey,Hello_Kitty_Clover,25.563441874949625,136.0600825002391
COW_0813,Holstein,Standard,16.853683031536058,140.87568575685103
COW_0814,Ayrshire,Standard,27.668638549582496,197.3657743154061
COW_0815,Jersey,Standard,17.32099268473851,144.67870428751746
COW_0816,Holstein,Hello_Kitty_Clover,11.463210212035266,162.4939651889712
COW_0817,Holstein,Standard,14.417377800256705,162.33484107020357
COW_0818,Holstein,Hello_Kitty_Clover,26.179058100034695,165.9750211543274
COW_0819,Holstein,Hello_Kitty_Clover,19.220509110316662,159.71728351857513
COW_0820,Holstein,Standard,17.258563517546996,131.2716937832792
COW_0821,Jersey,Standard,20.80009112926394,185.25857830436343
COW_0822,Holstein,Standard,22.508913680837725,192.89660697700904
COW_0823,Holstein,Hello_Kitty_Clover,25.586994079512305,129.52292434139997
COW_0824,Holstein,Hello_Kitty_Clover,27.242496149464632,143.1921770271118
COW_0825,Holstein,Hello_Kitty_Clover,18.20115677105457,155.36414018377624
COW_0826,Ayrshire,Hello_Kitty_Clover,13.369761569589809,140.2201725726731
COW_0827,Holstein,Standard,17.93267419438362,165.4991133274324
COW_0828,Holstein,Hello_Kitty_Clover,21.30140253291443,147.32497671174207
COW_0829,Jersey,Hello_Kitty_Clover,15.181205368946944,203.35548296681614
COW_0830,Holstein,Standard,15.214245425524785,178.37524551452935
COW_0831,Holstein,Hello_Kitty_Clover,21.718939407749428,166.26716243496912
COW_0832,Holstein,Hello_Kitty_Clover,19.756738242147744,181.96674673903897
COW_0833,Holstein,Hello_Kitty_Clover,20.163984977057932,183.66720398026354
COW_0834,Holstein,Hello_Kitty_Clover,16.207523326499654,149.08330723678503
COW_0835,Holstein,Hello_Kitty_Clover,18.847996428971165,144.83005403785205
COW_0836,Holstein,Hello_Kitty_Clover,15.378834278658477,161.67651154299048
COW_0837,Ayrshire,Standard,24.450992055623935,174.56802010664606
COW_0838,Holstein,Standard,25.176246673618763,160.33408197515396
COW_0839,Holstein,Hello_Kitty_Clover,10.769060688809532,127.19078856282292
COW_0840,Jersey,Standard,15.35244569903795,138.54924483069453
COW_0841,Holstein,Standard,12.517353724549604,152.27574884547732
COW_0842,Jersey,Standard,16.74988032796551,153.51165201187305
COW_0843,Holstein,Standard,19.582810151048196,195.32568658111063
COW_0844,Ayrshire,Hello_Kitty_Clover,12.751773901507349,131.60577332247223
COW_0845,Holstein,Hello_Kitty_Clover,15.390700934373434,170.22899511702954
COW_0846,Holstein,Standard,14.980213139592507,184.27632610844356
COW_0847,Holstein,Standard,21.03633664699472,201.73989590255434
COW_0848,Ayrshire,Standard,20.34672168518125,148.01606804187514
COW_0849,Holstein,Hello_Kitty_Clover,16.391312233313734,170.24598272439812
COW_0850,Holstein,Hello_Kitty_Clover,20.88410436069699,173.16043845218204
COW_0851,Holstein,Standard,17.266599577063673,159.0896145041849
COW_0852,Jersey,Hello_Kitty_Clover,18.641724448369732,159.1156133097248
COW_0853,Holstein,Hello_Kitty_Clover,28.367260451492683,172.72968592544873
COW_0854,Jersey,Hello_Kitty_Clover,26.70230525895174,112.86576987329181
COW_0855,Holstein,Hello_Kitty_Clover,13.502093815362013,173.1920179458612
COW_0856,Holstein,Standard,24.148662089395874,159.7681567000581
COW_0857,Holstein,Hello_Kitty_Clover,24.05698277245796,158.26759689617208
COW_0858,Holstein,Standard,14.258683556236909,195.21484898126224
COW_0859,Holstein,Hello_Kitty_Clover,24.093888218774303,149.22948608982125
COW_0860,Holstein,Hello_Kitty_Clover,27.689659592062764,155.74537809631823
COW_0861,Jersey,Hello_Kitty_Clover,14.387275968777931,199.64724883472806
COW_0862,Holstein,Hello_Kitty_Clover,15.412485894928682,143.48251967148147
COW_0863,Holstein,Standard,25.08830733421751,146.52418654153445
COW_0864,Holstein,Hello_Kitty_Clover,21.35747655412824,158.96673449762147
COW_0865,Holstein,Hello_Kitty_Clover,22.757381376197618,179.14190405545028
COW_0866,Holstein,Hello_Kitty_Clover,21.702946082002484,166.16693397166702
COW_0867,Holstein,Standard,21.95347960464072,130.73353693834696
COW_0868,Holstein,Standard,13.367639358444585,143.3669205449896
COW_0869,Jersey,Standard,25.23658853310724,145.42388789568795
COW_0870,Ayrshire,Hello_Kitty_Clover,25.84794996213887,161.70996408418074
COW_0871,Holstein,Hello_Kitty_Clover,18.85304627965986,169.67278705649454
COW_0872,Holstein,Standard,19.78261525093069,164.29889969303863
COW_0873,Jersey,Hello_Kitty_Clover,12.344462487221389,123.68310366519839
COW_0874,Holstein,Hello_Kitty_Clover,22.571273780089175,183.5502018852439
COW_0875,Holstein,Hello_Kitty_Clover,22.86028720857072,167.4094630825037
COW_0876,Holstein,Hello_Kitty_Clover,19.689044915003446,189.09735442637916
COW_0877,Jersey,Hello_Kitty_Clover,25.621766799352514,172.0704965856192
COW_0878,Jersey,Hello_Kitty_Clover,18.329613845100297,183.02534330824534
COW_0879,Holstein,Standard,22.823029629468003,166.17781511784295
COW_0880,Holstein,Hello_Kitty_Clover,14.901678306539422,186.89501861601678
COW_0881,Holstein,Hello_Kitty_Clover,19.88223924562881,171.90968449404423
COW_0882,Jersey,Hello_Kitty_Clover,19.12822871048582,159.2801636842877
COW_0883,Holstein,Hello_Kitty_Clover,21.12653961020471,207.28665629199904
COW_0884,Holstein,Hello_Kitty_Clover,18.152365355833208,178.7264520523478
COW_0885,Jersey,Standard,19.34263702164166,167.27767952658076
COW_0886,Holstein,Standard,24.13023585720753,131.71298242639554
COW_0887,Jersey,Standard,17.81617881380891,129.5787012948719
COW_0888,Holstein,Standard,11.967114496306603,159.44444399172906
COW_0889,Holstein,Hello_Kitty_Clover,28.747919521027104,167.03479981167294
COW_0890,Holstein,Hello_Kitty_Clover,26.907270393452432,151.28972981786941
COW_0891,Jersey,Standard,13.538686524471906,156.88125994958278
COW_0892,Jersey,Standard,23.448539026225973,188.8071002687397
COW_0893,Jersey,Hello_Kitty_Clover,17.485126147243285,174.65358733517897
COW_0894,Holstein,Standard,21.317436076655298,133.5750606279418
COW_0895,Jersey,Hello_Kitty_Clover,21.47112064506747,159.71115965066136
COW_0896,Holstein,Hello_Kitty_Clover,18.82796099841839,145.0490586824743
COW_0897,Holstein,Hello_Kitty_Clover,16.081171672068017,152.57035317344918
COW_0898,Jersey,Standard,16.547294738418703,146.69187510893278
COW_0899,Holstein,Standard,15.419040422593788,145.07280047469803
COW_0900,Holstein,Hello_Kitty_Clover,15.840888958847776,135.14955924818642
COW_0901,Holstein,Hello_Kitty_Clover,19.664108549753223,158.84613893456216
COW_0902,Holstein,Standard,16.421200054446242,143.71420727938767
COW_0903,Holstein,Hello_Kitty_Clover,23.410260328563098,103.93410429852358
COW_0904,Holstein,Standard,27.436230776679636,199.29030972303715
COW_0905,Holstein,Hello_Kitty_Clover,17.099733793149785,182.40531322227838
COW_0906,Jersey,Standard,21.197022502676884,148.83309225230312
COW_0907,Jersey,Hello_Kitty_Clover,22.498425551514668,162.62590866026636
COW_0908,Holstein,Standard,22.360011354596374,133.27491646002767
COW_0909,Holstein,Standard,20.379776339580438,190.02839045809145
COW_0910,Holstein,Standard,23.713412091798613,195.0597975230018
COW_0911,Holstein,Standard,22.411244763403285,159.8572479939515
COW_0912,Holstein,Hello_Kitty_Clover,13.811687888363512,180.11411925021596
COW_0913,Jersey,Hello_Kitty_Clover,24.345780321946364,166.3094696752624
COW_0914,Holstein,Standard,24.436454186333712,130.5964274783815
COW_0915,Holstein,Standard,16.183569479107092,146.618603464459
COW_0916,Holstein,Hello_Kitty_Clover,20.18968917723801,164.19546608861054
COW_0917,Holstein,Hello_Kitty_Clover,23.416644964055347,153.4340391143477
COW_0918,Ayrshire,Hello_Kitty_Clover,18.953430902103193,156.81296372193026
COW_0919,Jersey,Standard,25.364890238830057,155.78147592146672
COW_0920,Holstein,Standard,31.819362473096803,157.92823878461982
COW_0921,Jersey,Hello_Kitty_Clover,16.070069836825088,161.3661907609972
COW_0922,Holstein,Standard,13.094776984231125,132.7163317673373
COW_0923,Jersey,Hello_Kitty_Clover,21.51909297802438,147.61540491084858
COW_0924,Jersey,Standard,23.607812525630717,131.39065844368983
COW_0925,Holstein,Hello_Kitty_Clover,18.845668130776154,180.71001143295683
COW_0926,Holstein,Standard,27.26630331660517,116.06695215817506
COW_0927,Holstein,Hello_Kitty_Clover,13.306971001383756,182.56389816675363
COW_0928,Holstein,Standard,23.464593115158056,184.76636587980428
COW_0929,Jersey,Hello_Kitty_Clover,16.970695896205534,154.54759702920924
COW_0930,Holstein,Standard,28.59688953103648,106.51632510276497
COW_0931,Holstein,Hello_Kitty_Clover,29.96257676584059,157.26256179040635
COW_0932,Jersey,Hello_Kitty_Clover,16.16671706108326,159.06633189254862
COW_0933,Ayrshire,Hello_Kitty_Clover,17.2522143204571,140.46369989755888
COW_0934,Holstein,Hello_Kitty_Clover,24.29793943489901,152.48501395430483
COW_0935,Holstein,Hello_Kitty_Clover,18.064346751052426,191.52320800258278
COW_0936,Holstein,Hello_Kitty_Clover,19.77294391033881,174.73042641913648
COW_0937,Holstein,Standard,20.12694210271205,137.54680034325162
COW_0938,Ayrshire,Hello_Kitty_Clover,10.401634219011719,126.66850687379487
COW_0939,Holstein,Standard,19.930811269528814,149.4388970286632
COW_0940,Holstein,Standard,16.55136112967913,150.69627275189495
COW_0941,Holstein,Standard,17.53438588800114,165.18429951366667
COW_0942,Holstein,Standard,27.21816001734407,147.45911375385003
COW_0943,Jersey,Hello_Kitty_Clover,13.717465528603718,169.84523116581835
COW_0944,Jersey,Hello_Kitty_Clover,24.066025933739887,79.30248723750422
COW_0945,Holstein,Hello_Kitty_Clover,18.605185348340957,177.39157605338752
COW_0946,Holstein,Hello_Kitty_Clover,18.601199157520828,160.11858960064077
COW_0947,Holstein,Standard,23.951859480258555,153.52254842301167
COW_0948,Ayrshire,Standard,21.70025647284445,149.3766142582559
COW_0949,Jersey,Standard,22.853064986097657,180.4687377448722
COW_0950,Holstein,Standard,24.840923302664304,144.90600807177321
COW_0951,Jersey,Standard,18.343458084083387,156.40749160522466
COW_0952,Jersey,Standard,16.938816327461247,156.10560293586008
COW_0953,Holstein,Hello_Kitty_Clover,14.57424736721101,149.83659035393268
COW_0954,Ayrshire,Hello_Kitty_Clover,15.872947350105225,132.81257324734955
COW_0955,Holstein,Hello_Kitty_Clover,34.745472126543625,172.38313171031643
COW_0956,Holstein,Hello_Kitty_Clover,26.22339790368393,162.14693993399752
COW_0957,Holstein,Hello_Kitty_Clover,13.244628168959894,169.47819783941935
COW_0958,Holstein,Standard,13.38771021628215,143.34430693610133
COW_0959,Holstein,Hello_Kitty_Clover,22.40933030859246,186.6392250688387
COW_0960,Jersey,Hello_Kitty_Clover,22.736323986889836,144.78542157183006
COW_0961,Holstein,Standard,22.744419176586824,191.0641314333339
COW_0962,Jersey,Standard,18.72522103223151,120.66483611310423
COW_0963,Holstein,Hello_Kitty_Clover,19.372728699985498,170.00721990113345
COW_0964,Holstein,Standard,21.639397620796785,166.00043293677152
COW_0965,Holstein,Hello_Kitty_Clover,20.429465031466652,145.71769815062234
COW_0966,Holstein,Hello_Kitty_Clover,8.903498136262325,166.65892819809895
COW_0967,Jersey,Standard,18.85100184712403,181.2456739493404
COW_0968,Holstein,Standard,15.742967828698433,110.38651356152823
COW_0969,Holstein,Standard,20.87605709454256,166.31771327817907
COW_0970,Holstein,Standard,34.926295013017054,110.61247209730357
COW_0971,Jersey,Standard,21.83740832737152,137.23792642774728
COW_0972,Ayrshire,Hello_Kitty_Clover,18.43235156913801,193.6130327687603
COW_0973,Jersey,Standard,24.60900750988626,145.7470615851248
COW_0974,Holstein,Hello_Kitty_Clover,22.413439436046062,138.74643254263438
COW_0975,Holstein,Standard,22.100472452259208,152.67138715598412
COW_0976,Holstein,Hello_Kitty_Clover,23.034252966078355,203.76840265309457
COW_0977,Holstein,Standard,30.282717824147706,122.4511704031238
COW_0978,Holstein,Standard,14.345557823370422,133.27746911422423
COW_0979,Holstein,Hello_Kitty_Clover,22.368160384057273,58.9709822616211
COW_0980,Holstein,Hello_Kitty_Clover,15.368094350092308,197.26447517578234
COW_0981,Holstein,Standard,22.77756323171124,154.76464448370768
COW_0982,Jersey,Hello_Kitty_Clover,15.406567442569528,135.340916182238
COW_0983,Holstein,Standard,17.91316593197458,197.29081981577556
COW_0984,Holstein,Standard,18.524550428810468,187.4462129636271
COW_0985,Jersey,Standard,24.879083596723547,171.0426648342617
COW_0986,Holstein,Standard,24.59227221971207,141.12963468716524
COW_0987,Jersey,Hello_Kitty_Clover,13.771413117768077,158.65083711856968
COW_0988,Holstein,Standard,20.274670554999243,152.87519954560315
COW_0989,Holstein,Standard,16.452100726254137,161.5526563101878
COW_0990,Jersey,Hello_Kitty_Clover,13.707475446623327,188.63227139661373
COW_0991,Jersey,Hello_Kitty_Clover,18.914914747878147,178.7628152471115
COW_0992,Jersey,Standard,18.457586057720903,133.9897542776211
COW_0993,Holstein,Hello_Kitty_Clover,32.13358243172761,192.67000372990904
COW_0994,Holstein,Standard,22.16479912680348,162.91208253830416
COW_0995,Holstein,Hello_Kitty_Clover,13.111912496228815,173.17488966604697
COW_0996,Holstein,Hello_Kitty_Clover,17.176129979145287,189.98365617931566
COW_0997,Ayrshire,Hello_Kitty_Clover,25.106916477146992,140.80046995287307
COW_0998,Holstein,Standard,30.442213864349625,158.4161525851756
COW_0999,Ayrshire,Standard,12.070083438810208,142.99193400445876
COW_1000,Holstein,Standard,10.600378074304775,121.82292491498231
